<?xml version="1.0" encoding="UTF-8"?>
<project-private xmlns="http://www.netbeans.org/ns/project-private/1">
    <editor-bookmarks xmlns="http://www.netbeans.org/ns/editor-bookmarks/2" lastBookmarkId="0"/>
    <open-files xmlns="http://www.netbeans.org/ns/projectui-open-files/2">
        <group>
            <file>file:/home/meone/NetBeansProjects/Perpustakaan/src/riwayatPinjamanAdmin.java</file>
            <file>file:/home/meone/NetBeansProjects/Perpustakaan/src/dashBoardAdmin.java</file>
            <file>file:/home/meone/NetBeansProjects/Perpustakaan/src/bukuDipinjamAdmin.java</file>
            <file>file:/home/meone/NetBeansProjects/Perpustakaan/src/dashboardUser.java</file>
            <file>file:/home/meone/NetBeansProjects/Perpustakaan/src/peminjamanUser.java</file>
            <file>file:/home/meone/NetBeansProjects/Perpustakaan/src/bukuDipinjamUser.java</file>
            <file>file:/home/meone/NetBeansProjects/Perpustakaan/src/Register/Admin.java</file>
            <file>file:/home/meone/NetBeansProjects/Perpustakaan/src/bukuDikembalikanAdmin.java</file>
            <file>file:/home/meone/NetBeansProjects/Perpustakaan/src/riwayatUser.java</file>
        </group>
    </open-files>
</project-private>
